Object,Field Name,Field Type,Options,Required
Contact,Preferred Contact Method,Dropdown,"Email, Phone, Text",No
Contact,Social Media Handle(s),Text,,No
Contact,Role/Title at Company,Text,,No
Company,Industry,Dropdown,"Corporate, Nonprofit, E-commerce/Retail, Hospitality, Real Estate, Healthcare, Education, Personal/Individual, Music/Entertainment, Other",No
Company,Website,URL,,No
Company,Brand Guidelines Link,URL,,No
Pipeline Card,Project Type,Dropdown,"Commercial, Brand Story, Conference, Podcast",Yes
Pipeline Card,Deliverable Medium,Dropdown,"Video Only, Photo Only, Video + Photo",Yes
Pipeline Card,Estimated Budget / Package Tier,Dropdown,"Basic, Standard, Premium, Custom",Yes
Pipeline Card,Target Shoot Date(s),Date,,No
Pipeline Card,Lead Source,Dropdown,"Referral, Website, Instagram, Google Search, Google Ads, Past Client, Networking Event, Cold Outreach, Other",No
Pipeline Card,Lost Reason,Dropdown,"Budget Mismatch, Chose Competitor, Timing/Not Ready, Went Silent, Scope Not a Fit","Only when Stage = Lost"
Project,Project Type,Dropdown,"Commercial, Brand Story, Conference, Podcast",Yes
Project,Deliverable Medium,Dropdown,"Video Only, Photo Only, Video + Photo",Yes
Project,Shoot Date(s),Date,,Yes
Project,Shoot Location(s),Text,,No
Project,Number of Shoot Days,Number,,No
Project,Crew Assigned,Text/Multi-select,,No
Project,Equipment Needed,Long Text,,No
Project,Deliverable Specs,Long Text,,Yes
Project,Number of Revisions Included,Number,,Yes
Project,Usage Rights / License Terms,Dropdown,"Social Only, Social + Paid Ads, Broadcast, Unlimited/Buyout, Personal Use Only",Yes
Project,Music Licensing,Text/URL,,No
Project,Raw Footage Storage Link,URL,,No
Project,Final Delivery Link,URL,,No
Project,Recording Cadence,Dropdown,"Weekly, Biweekly, Monthly, One-off","Podcast only"
Project,Distribution Platforms,Text/Multi-select,"e.g. Spotify, Apple Podcasts, YouTube","Podcast only"
Project,Current Episode Number,Number,,"Podcast only"
